char,count,percentage
A,47755.0,33.33356600402055
E,47755.0,33.33356600402055
R,47754.0,33.332867991958906