char,count,percentage
E,22006.0,15.360453428635246
T,13475.0,9.405712530712531
A,13474.0,9.405014518650882
H,13473.0,9.404316506589234
K,13473.0,9.404316506589234
L,13473.0,9.404316506589234
I,13473.0,9.404316506589234
O,13473.0,9.404316506589234
R,13472.0,9.403618494527585
P,13472.0,9.403618494527585