char,count,percentage
E,25145.0,16.1841563256269
N,14711.0,9.468487719478915
O,14441.0,9.29470676072293
R,14440.0,9.294063127542351
A,14439.0,9.293419494361773
S,14439.0,9.293419494361773
T,14439.0,9.293419494361773
K,14438.0,9.292775861181196
L,14438.0,9.292775861181196
P,14438.0,9.292775861181196