char,count,percentage
P,51790.0,33.33376242212039
E,51789.0,33.33311878893981
R,51789.0,33.33311878893981