char,count,percentage
O,23139.0,20.00121015144181
E,23138.0,20.0003457575548
I,23137.0,19.999481363667794
M,23137.0,19.999481363667794
C,23137.0,19.999481363667794