char,count,percentage
A,28653.0,20.00013960241233
K,28653.0,20.00013960241233
S,28653.0,20.00013960241233
E,28653.0,20.00013960241233
R,28652.0,19.99944159035068