char,count,percentage
I,38563.0,33.333621464629005
V,38563.0,33.333621464629005
E,38562.0,33.332757070742