char,count,percentage
E,31075.0,20.000901086452807
A,31074.0,20.00025745327223
R,31073.0,19.999613820091653
P,31073.0,19.999613820091653
Y,31073.0,19.999613820091653